key,peak,mean,std,slope_up,height_up,width_up,angle_up,slope_down,height_down,width_down,angle_down,variation,cc_avg,cc_std,peak_avg,peak_std,begin,up_start,max,down_start,end,food_item
0318_2018_169_002,71,68.42857143,2.381904572,1.9,6,3,63.43494882,-3,6,2,71.56505118,6,5.5,2.5,70,1,3,3,6,7,9,0 Capital Seafood
0319_2018_155_002,72,70.3,1.615549442,0.685714286,4,5,38.65980825,-2.5,5,2,68.19859051,4,7,2,73,1,8,8,13,15,17,1 Diho Siam (Thai)
0324_2018_143_004,74,71.66666667,1.763834207,1.9,6,3,63.43494882,-0.342857143,3,5,30.96375653,6,6.5,3.5,74,0,0,0,3,3,8,2 Zink (Brunch)
0324_2018_207_002,82,75.22222222,5.883645464,2.392857143,15,7,64.98310652,-2.297619048,15,7,64.98310652,15,11.5,4.5,78,4,8,8,15,18,25,3 Gangnam House
0401_2018_139_000,73,70.8125,3.025284078,1.571428571,10,6,59.03624347,-1.5,3,2,56.30993247,18,7.6,3.555277767,63.2,5.564171097,0,32,38,45,47,4 Thai Caf
0407_2018_196_004,72,69.85714286,2.030381486,1.3,6,4,56.30993247,-4,4,1,75.96375653,8,6.75,3.269174208,73.75,1.479019946,0,9,13,14,15,5 Yupdduk
0417_2018_229_002,74,71,2.449489743,0.904761905,8,7,48.81407483,-2,4,2,63.43494882,15,7.666666667,2.494438258,71,2.943920289,0,11,18,19,21,6 Wow K pop
0418_2018_151_003,78,76.09090909,2.574509502,1.9,8,4,63.43494882,-1.5,3,2,56.30993247,9,4.666666667,2.054804668,74,2.828427125,0,10,14,18,20,7 Eureka!
0503_2018_248_001,73,71.45454545,1.616035349,2,4,2,63.43494882,-0.6,5,5,45,5,8,12.19289411,73,0,24,27,29,32,37,8 Sushi Imari
0504_2018_232_000,77,72.63636364,3.226952609,4,8,2,75.96375653,-1.321428571,11,7,57.52880771,8,8,6,75.5,1.5,4,4,6,7,14,9 KoBaWoo House
0526_2018_245_002,97,86.21428571,6.635172206,2.05,21,8,69.14554196,-5.3,21,4,79.21570213,26,8.428571429,4.030495994,89.28571429,5.521756597,11,37,45,46,50,10 Mo Ran Gak Restaurant
0522_2018_229_003,86,79.44444444,3.562493232,0.472332016,15,22,34.28687698,-2.7,9,3,71.56505118,23,18.5,6.5,79.5,6.5,11,26,48,49,52,11 Young Pung
0527_2018_168_004,77,74.33333333,2.581988897,2.5,5,2,68.19859051,-1.9,7,4,60.2551187,5,6.5,4.5,75.5,1.5,8,8,10,12,16,12 Chan Chan
0528_2018_151_002,64,63.30769231,0.721602425,0.4,2,4,26.56505118,-1,2,2,45,2,4,0,64,0,5,5,9,15,17,13 C'est Si Bon Bakery
0603_2018_219_002,75,72.125,2.712816802,1.2,5,4,51.34019175,-4,8,2,75.96375653,5,4,0,75,0,7,7,11,12,14,14 Emporio
0605_2018_246_002,74,71.54545455,3.36731985,1.595238095,11,7,57.52880771,-1.542857143,8,5,57.99461679,11,12,5.099019514,72.66666667,1.247219129,0,0,7,16,21,15 Koreana
0611_2018_230_000,81,76.30769231,3.830738338,1.571428571,9,6,56.30993247,-2.9,13,4,72.89727103,9,9,3,85.5,4.5,5,5,11,13,17,16 In-N-Out Burger
0612_2018_221_000,90,86.07142857,8.061941327,3.183333333,23,8,70.82099197,-1.090909091,15,10,56.30993247,23,8,0,90,0,4,4,12,21,31,17 Chai Lan
0617_2018_168_001,70,67.375,1.67860309,0.484848485,6,9,33.69006753,-1.6,5,3,59.03624347,6,12.5,3.5,68.5,1.5,0,0,9,20,23,18 The Halal Guys
0621_2018_148_002,65,61.5,1.979057015,0.761904762,6,7,40.60129465,-2,6,3,63.43494882,6,6.8,1.166190379,66.4,1.019803903,0,0,7,8,11,19 Yushoken Izakaya & Ramen
0624_2018_167_004,80,75.35714286,2.688790032,0.736363636,9,10,41.9872125,-3.1,9,3,71.56505118,9,11.33333333,4.18993503,78.33333333,3.091206165,4,4,14,14,17,20 MOULIN
0721_2018_218_002,81,76.55555556,4.524282905,10,10,1,84.28940686,-2.4,13,5,68.96248897,14,4,2.160246899,76.66666667,3.299831646,15,26,27,29,34,21 Young King Chinese Restaurant
0801_2018_157_000,90,81.18181818,6.161732074,1.191208791,22,13,59.42077313,-8,16,2,82.87498365,23,10.5,5.5,90.5,0.5,11,14,27,33,35,22 Tang
0805_2018_209_000,72,70.33333333,3.064129385,8,8,1,82.87498365,-2,9,4,66.03751103,13,12.75,5.973901573,69.75,1.479019946,0,19,20,26,30,23 Thai Caf
0814_2018_221_002,73,66.125,5.904182839,1.730769231,18,11,58.57043439,-3,6,2,71.56505118,18,11,0,73,0,3,3,14,16,18,24 Five Guys
0822_2018_225_005,72,68.4,2.537715508,2.4,7,3,66.80140949,-1.371428571,7,5,54.46232221,7,7.5,4.5,74.5,2.5,16,16,19,20,25,25 Souplantation- Irvine
0826_2018_167_004,83,78.63636364,3.748277841,2.428571429,12,5,67.38013505,-1.9,6,3,63.43494882,12,7.333333333,2.054804668,80.33333333,3.771236166,4,4,9,11,14,26 MOULIN
0826_2018_221_005,77,73.18181818,3.761483794,2.6,12,4,71.56505118,-1.2,5,4,51.34019175,12,4,0,77,0,11,11,15,17,21,27 Golden China Restaurant
0902_2018_222_001,90,82.9,5.503635162,2.685714286,14,5,70.34617594,-5.3,15,3,78.69006753,22,9,3.949683532,81.2,4.707440918,0,40,45,46,49,28 Lucille's Smokehouse Bar-B-Que
0908_2018_223_000,75,69.15384615,4.554729644,2.8,14,5,70.34617594,-1.678571429,10,6,59.03624347,14,8,2,71.5,3.5,22,33,38,39,45,29 chan chan
0909_2018_163_000,85,72.96153846,6.869558094,2.440559441,26,11,67.06789956,-1.1,20,14,55.0079798,26,11,0,85,0,30,30,41,41,55,30 Thai Caf
0926_2018_148_002,68,63.9,2.42693222,1.085714286,7,5,54.46232221,-2.5,8,3,69.44395478,7,6,1,66,2,12,12,17,18,21,31 Peppinos Italian Family Restaurant
0926_2018_258_000,65,62.4,2.550816863,1.321428571,9,6,56.30993247,-0.9,3,3,45,9,6,0,65,0,2,2,8,13,16,32 Pho Saigon Pearl
0929_2018_141_002,71,66.8125,2.650913758,2,11,5,65.55604522,-0.272727273,6,9,33.69006753,11,5,0,71,0,14,14,19,20,29,33 Fratelli Cafe
0930_2018_167_000,65,62.92,2.741094672,1.511904762,10,7,55.0079798,-0.714285714,5,6,39.80557109,10,15.5,8.5,65,0,5,5,12,23,29,34 Doore Restaurant
1008_2018_143_000,85,77.44,7.526380272,1.821428571,27,14,62.59242456,-1.083333333,12,8,56.30993247,27,12,5.099019514,77.33333333,5.557777334,13,13,27,29,37,35 Baek Jung
0106_2018_199_000,72,68.47826087,3.034147186,1.416666667,11,8,53.97262661,-0.9,3,3,45,11,12.5,4.5,72,0,14,14,22,33,36,36 Vie De France
0112_2018_149_002,79,73.75,4.493050189,3.9,11,3,74.7448813,-3.9,11,3,74.7448813,16,5.75,1.299038106,76.5,2.692582404,21,29,32,33,36,37 Eureka
0125_2018_149_000,73,68.8,4.044749683,2.7,11,4,70.01689348,-1.6,5,3,59.03624347,11,7.333333333,3.399346342,74.33333333,1.247219129,3,3,7,9,12,38 imari
0202_2018_215_006,73,69.5,2.929732639,6,6,1,80.53767779,-2.5,7,3,66.80140949,6,4.5,3.5,71.5,1.5,6,6,7,8,11,39 HiroNori Craft Ramen
0209_2018_223_004,107,97.36363636,6.664324657,2.885714286,17,5,73.61045967,-5.5,23,4,80.13419306,48,13.25,1.920286437,97.5,8.411301921,0,37,42,43,47,40 Halves Boiling Pot
0214_2018_225_002,89,82.4,4.841487375,4.8,14,3,77.90524292,-2.171428571,10,5,63.43494882,30,14.5,4.5,82.5,6.5,10,36,39,40,45,41 Alessa by Pirozzi
0219_2018_141_008,71,68.75,2.331844763,2.2,7,3,66.80140949,-1.5,3,2,56.30993247,8,6.666666667,2.054804668,70.66666667,2.054804668,4,12,15,17,19,42 Shabuya
0223_2018_156_002,76,70,4.2928512,1.104895105,16,11,55.49147701,-1.5,3,2,56.30993247,16,8.666666667,4.642796092,73.66666667,2.054804668,0,0,11,11,13,43 Golden China Restaurant
0228_2018_224_004,74,71.86363636,3.064391598,1.1,11,8,53.97262661,-3,6,2,71.56505118,11,11,2.943920289,74,1.632993162,6,6,14,25,27,44 Mokkoji
0311_2018_167_002,75,71.33333333,3.025814858,1.678571429,11,6,61.38954033,-0.857142857,6,6,45,11,6,0,75,0,5,5,11,13,19,45 Golden China Restaurant
1020_2018_155_001,78,66.4,5.65154846,3.5,21,6,74.0546041,-1.17032967,19,12,57.72435569,21,13.5,7.5,76,2,5,5,11,12,24,46 Gourmet Italia
1028_2018_203_000,68,65.81818182,2.28903242,0.952380952,8,7,48.81407483,-1.5,3,2,56.30993247,8,7.571428571,3.499271061,65.85714286,2.294625486,0,14,21,22,24,47 Sushi Imari
1105_2018_237_000,70,64.1875,3.711784443,1.428571429,11,6,61.38954033,-1.566666667,13,8,58.39249775,11,9.333333333,5.185449729,65,3.741657387,9,18,24,25,33,48 Gunuljip
1110_2018_152_000,65,63.15,2.080264406,1.4,7,5,54.46232221,-1.6,5,3,59.03624347,7,7.5,2.986078811,67.16666667,1.863389981,7,7,12,23,26,49 BeachComber
1110_2018_231_009,76,68.86666667,4.372133982,0.614906832,14,21,33.69006753,-1.964285714,14,7,63.43494882,14,21,0,76,0,3,3,24,25,32,50 Chai Lan
1115_2018_220_002,68,65.8,1.989974874,1.4,4,3,53.13010235,-1.085714286,7,5,54.46232221,5,5,1.632993162,67.33333333,0.471404521,4,16,19,20,25,51 Yigah
1119_2018_238_002,95,90.71428571,5.598833698,8,16,2,82.87498365,-0.9,3,3,45,29,7,4.320493799,83,9.797958971,5,24,26,27,30,52 Julian Serrano (sangria)
1129_2018_222_000,75.0,67.45454545454545,4.499770425732575,1.3212121212121213,13.0,9,55.30484646876604,-1.3496503496503496,17.0,11,57.094757077012105,14.0,9.0,4.0,70.5,4.5,9,18,27,28,39,53 Yakitori and ramen and okonomiyaki
0316_2018_119_009,67,63.28571429,2.657296463,1.542857143,8,5,57.99461679,-1.071428571,9,7,52.12501635,12,7,3.741657387,63.33333333,2.624669291,2,7,12,13,20,54 Chicken
0325_2018_092_028,78,73.76923077,3.285254847,1.345238095,11,7,57.52880771,-2.4,8,3,69.44395478,11,9,8,77.5,0.5,1,12,19,21,24,55 Steak
0331_2018_198_001,81,77.25,4.20565096,4.3,13,3,77.00538321,-3.5,7,2,74.0546041,13,7.666666667,4.18993503,78.66666667,2.054804668,4,15,18,20,22,56 BBQ
0414_2018_189_001,78,74.6,3.006659276,5,10,2,78.69006753,-0.964285714,7,6,49.39870535,10,6.5,4.5,78.5,0.5,2,2,4,5,11,57 Miyeok Guk and sweet garlic chicken
0415_2018_133_009,65,63.16666667,1.343709625,1,4,4,45,-2,2,1,63.43494882,4,4,0,65,0,11,11,15,15,16,58 Dumpling Soup
0506_2018_167_004,72,68.46666667,2.445858177,2,6,3,63.43494882,-0.597902098,10,11,42.27368901,6,8.5,5.5,69,3,2,2,5,5,16,59 Spicy Ramen
0518_2018_109_022,81,73,4.651490475,1.566666667,15,8,61.92751306,-8,8,1,82.87498365,15,8,0,81,0,0,0,8,9,10,60 Ramen
0531_2018_147_000,76,68.5,5.572252686,5.6,16,3,79.38034472,-2.828571429,15,5,71.56505118,20,5,0,76,0,0,2,5,6,11,61 Gimbap
0610_2018_166_001,78,75.45454545,2.147456693,0.9,4,4,45,-1.8,7,4,60.2551187,4,4,0,78,0,1,1,5,7,11,62 Chicken Fried Rice
0627_2018_145_003,68,66,1.603567451,1,4,4,45,-4,4,1,75.96375653,4,6.5,2.5,67,1,4,4,8,9,10,63 Sweet Spicy Friend Chiken 
0701_2018_170_000,71,69.13333333,3.403266405,2.2,9,4,66.03751103,-5,10,2,78.69006753,10,9.333333333,2.867441756,66.66666667,4.18993503,0,2,6,14,16,64 Halal Guys
0703_2018_113_018,72,68.75,2.680951324,1.9,6,3,63.43494882,-2.7,8,3,69.44395478,6,3,0,72,0,3,3,6,7,10,65 Spicy Tofu soup and Pajeon and  Dotori mook
0705_2018_105_012,72,67.33333333,3.901566637,3.5,10,3,73.30075577,-7,7,1,81.86989765,10,3,0,72,0,0,0,3,4,5,66 Ma po Tofu
0710_2018_162_000,75,71.76190476,3.962980623,6.5,13,2,81.25383774,-2.9,9,3,71.56505118,13,2,0,75,0,8,8,10,25,28,67 Breakfast Burrito
0713_2018_169_000,71,67.54545455,3.407575421,0.881818182,11,10,47.72631099,-1.096969697,11,9,50.71059314,11,10,0,71,0,0,0,10,12,21,68 Pork belly
0723_2018_155_000,75,70.2,3.310589071,2.3,9,4,66.03751103,-2.3,9,4,66.03751103,9,9.5,5.5,74,1,9,9,13,14,18,69 Panda (Orange Chicken and Beijing Beef)
0724_2018_083_034,69,66.75,2.277608395,4,4,1,75.96375653,-5,5,1,78.69006753,4,3.5,2.5,69,0,6,6,7,8,9,70 Kimchi Pork
0725_2018_160_000,73,67.2,3.12409987,9,9,1,83.65980825,-2.4,8,3,69.44395478,9,1,0,73,0,0,0,1,1,4,71 Breakfast Burrito
0731_2018_151_000,62,59.23076923,2.005908432,1.6,6,4,56.30993247,-0.714285714,6,7,40.60129465,7,8.5,2.5,60,2,0,2,6,7,14,72 Sweet Bread & Oatmeal
0802_2018_146_000,62,61,1.322875656,2,4,2,63.43494882,-1,2,2,45,9,10,7,60.5,1.5,0,18,20,23,25,73 Orange Chicken and Gim Gui
0807_2018_137_008,65,62.33333333,2.748737084,6,6,1,80.53767779,-3,6,2,71.56505118,11,8.5,1.5,63.5,1.5,0,16,17,19,21,74 Spicy Pork
0809_2018_152_000,70,66.33333333,3.399346342,7,7,1,81.86989765,-2.9,8,3,69.44395478,7,5.333333333,3.091206165,65.33333333,4.642796092,3,3,4,5,8,75 Superem Burrito
0815_2018_156_000,68,65.63636364,2.532434232,2.1,7,3,66.80140949,-4.5,9,2,77.47119229,7,3,0,68,0,6,6,9,25,27,76 Croissant Sandwich
0820_2018_153_000,69,66.42857143,2.969229956,2.9,9,3,71.56505118,-2,4,2,63.43494882,9,9,6.480740698,68.33333333,0.942809042,0,0,3,4,6,77 Croissant Sandwich and Coffee
0822_2018_154_000,81,78.96296296,4.614642408,5.8,16,3,79.38034472,-3,12,4,71.56505118,16,12.5,9.313968005,79.5,1.5,5,26,29,48,52,78 Panda (Orange Chicken and Beijing Beef and Chow Mein and Fried rice)
0823_2018_155_005,71,68.8,3.18747549,4.5,9,2,77.47119229,-3.5,7,2,74.0546041,12,5,0,71,0,0,3,5,10,12,79 Chick-fil-a (Dr pepper and Spicy Deluxe Sandwich and Waffle fries)
0824_2018_155_000,67,63.33333333,3.590109871,3.7,12,3,75.96375653,-4.5,9,2,77.47119229,13,17,11,64,3,0,3,6,15,17,80 Pork marinated soy sauce and gim gui
0827_2018_166_000,85,78.44444444,6.148371259,3.035714286,17,6,70.55996517,-11,11,1,84.80557109,21,7.5,0.5,82,3,0,2,8,9,10,81 Croissant Sandwich with ham
0828_2018_110_022,71,67.2173913,2.918554165,8,8,1,82.87498365,-1.642857143,9,6,56.30993247,8,1,0,71,0,0,0,1,16,22,82 Beef Pad Kra Pao and gim gui
0829_2018_150_006,68,66.5,1.802775638,1.3,5,4,51.34019175,-1,1,1,45,8,7,4.966554809,67.33333333,1.699673171,0,13,17,19,20,83 Croissant Sandwich
0831_2018_144_000,62,59.26666667,2.489087294,2.5,7,3,66.80140949,-0.869047619,7,7,45,7,4,3,59.5,2.5,2,7,10,14,21,84 Sogogi dubbab
0902_2018_161_001,76,72.83333333,2.608745974,2.1,6,3,63.43494882,-6,6,1,80.53767779,6,4.5,1.5,75,1,0,0,3,4,5,85 Curry
0903_2018_087_026,67,66.375,0.927024811,2,2,1,63.43494882,-3,3,1,71.56505118,2,1,0,67,0,0,0,1,14,15,86 Oden Tang
0904_2018_157_002,71,67.15384615,3.460683655,1.607142857,12,7,59.74356284,-1.171428571,6,5,50.19442891,12,8.5,1.5,69.5,1.5,10,10,17,17,22,87 Croissant Sandwich
0906_2018_132_008,62,59.33333333,1.666666667,0.535714286,5,6,39.80557109,-0.545454545,6,10,30.96375653,5,11.5,5.5,60,2,3,3,9,10,20,88 Myulchi Bbokgum and dubu jorim
0910_2018_139_002,64,61.375,2.341874249,2.1,6,3,63.43494882,-2,6,3,63.43494882,5,13,8.640987598,62.33333333,1.247219129,3,18,21,22,25,89 Myulchi Bbokgum and spicy dumpling
0911_2018_159_000,62,59.60869565,2.839766225,0.8,12,8,56.30993247,-1.457142857,7,5,54.46232221,12,24.5,16.5,63.5,1.5,2,2,10,19,24,90 Spicy Pork and Myulchi Bbokgum
0912_2018_131_006,70,66.54545455,2.270908363,1.428571429,7,5,54.46232221,-1.2,6,4,56.30993247,12,8,2.160246899,72,1.632993162,0,5,10,11,15,91 Spicy Pork and Spicy Chicken Fried Rice
0913_2018_007_036,71,69,2.019900988,0.381818182,6,10,30.96375653,-0.928571429,9,7,52.12501635,6,15,5,68.5,2.5,3,3,13,20,27,92 Spicy Pork and Myulchi Bbokgum
0914_2018_107_012,61,59.2,1.6,4,4,1,75.96375653,-2.5,5,2,68.19859051,4,1,0,61,0,0,0,1,12,14,93 Cold Soba
0917_2018_109_014,66,64.125,1.452368755,0.8,4,4,45,-2,4,2,63.43494882,9,6.5,0.5,64.5,1.5,2,11,15,16,18,94 Spicy Pork and Myulchi Bbokgum
0918_2018_151_000,78,72.07692308,5.180756382,2.416666667,20,7,70.70995378,-1.9,8,4,63.43494882,20,7,0,78,0,8,8,15,16,20,95 Chick-fil-a (Dr pepper and Spicy Deluxe Sandwich and Waffle fries)
0919_2018_160_005,78,75.42857143,3.593266568,1.971428571,12,5,67.38013505,-2.6,10,4,68.19859051,12,5,0,78,0,3,3,8,19,23,96 Samgyeopsal thin cut and mulchi bbokgum
0924_2018_115_006,61,58.83333333,3.131382371,1,2,2,45,-4.5,9,2,77.47119229,2,4.5,2.5,58,3,2,2,4,5,7,97 brown rice and egg fry and sesame oil and bokkeum gochujang
0925_2018_151_000,65,64,2.359071298,2.4,7,3,66.80140949,-1.107142857,8,6,53.13010235,7,19.5,16.5,65.5,0.5,0,0,3,16,22,98 Croissant Sandwich
0927_2018_143_006,78,69,5.411099703,0.767801858,21,17,51.00900596,-2.857142857,15,6,68.19859051,21,17,0,78,0,4,4,21,22,28,99 Samgyeopsal thin cut and mulchi bbokgum
1001_2018_149_002,67,63.4375,2.178553132,4.5,9,2,77.47119229,-0.401098901,6,12,26.56505118,9,8.5,6.5,65.5,1.5,0,0,2,3,15,100 Poke (salmon and tuna)
1002_2018_101_023,71,68.63636364,2.804954295,1.9,7,4,60.2551187,-3.5,7,2,74.0546041,15,7.666666667,2.867441756,67.66666667,2.357022604,3,14,18,22,24,101 samgyepsal
1003_2018_124_101,64,60.82352941,2.935288223,1.214285714,8,6,53.13010235,-2.2,10,4,68.19859051,8,6,0,64,0,4,4,10,16,20,102 Mulchi Bbokgum and jinmi chae
1004_2018_149_002,65,60.05,2.519424537,9,9,1,83.65980825,-0.346749226,11,17,32.90524292,9,1,0,65,0,1,1,2,3,20,103 Poke (salmon and tuna)
1005_2018_145_000,66,63,2.449489743,1.8,6,3,63.43494882,-1.6,8,4,63.43494882,8,6.333333333,2.054804668,63.33333333,2.054804668,4,14,17,17,21,104 Sukiyaki Undon
1009_2018_087_014,70,67.18181818,3.537286629,7,7,1,81.86989765,-2.6,12,4,71.56505118,11,4.5,1.5,67.5,2.5,0,8,9,14,18,105 Steak and Tilapia
1011_2018_148_002,64,62.42857143,2.583305903,2.8,9,3,71.56505118,-5,5,1,78.69006753,9,8.5,5.5,64,0,0,0,3,12,13,106 Poke (salmon and tuna)
1012_2018_112_008,65,62.23076923,2.224128045,1.485714286,8,5,57.99461679,-0.821428571,5,6,39.80557109,8,5,0,65,0,2,2,7,8,14,107 Fried Rice (Oyster sauce and onion and 2 eggs and samgyeopsal)
1015_2018_147_000,79,77.07692308,3.45212395,4,11,3,74.7448813,-0.9,4,4,45,11,7.5,4.5,80,1,16,16,19,24,28,108 Croissant Sandwich
1018_2018_147_002,77,71.5,3.381097186,0.647058824,14,15,43.02506599,-1.75,10,6,59.03624347,14,15.5,0.5,73.5,3.5,0,0,15,15,21,109 Bibimbap with beef ground and egg and sesame oil
1019_2018_128_002,65,63.81818182,0.935966376,0.6,3,4,36.86989765,-1,1,1,45,4,4.5,3.5,64,1,6,11,15,20,21,110 Dongrangtang
1022_2018_155_002,80,75.27272727,2.749906084,0.564835165,9,13,34.69515353,-1.392857143,8,6,53.13010235,19,18,12,77,3,4,27,40,42,48,111 Jokbal
1023_2018_117_009,72,66.15,4.661276649,1.186813187,16,12,53.13010235,-2.228571429,11,5,65.55604522,16,10.66666667,1.247219129,66.66666667,3.858612301,0,0,12,14,19,112 Bokkeum udon
1024_2018_154_005,72,70.85,1.58981131,1,4,4,45,-0.928571429,6,6,45,10,12,4.320493799,71.33333333,0.471404521,0,14,18,27,33,113 Dongrantang
1026_2018_145_001,65,62.5,1.979057015,2.5,5,2,68.19859051,-2,4,2,63.43494882,5,5.666666667,2.624669291,63.33333333,1.699673171,2,2,4,5,7,114 Poke (salmon and tuna)
1030_2018_153_000,71,67.15384615,2.741312259,5,10,2,78.69006753,-0.606060606,7,9,37.87498365,10,4,3,70.5,0.5,3,9,11,12,21,115 Teriyaki Chicken
1031_2018_139_000,81,74.18181818,5.236553027,2.214285714,16,7,66.37062227,-6.5,13,2,81.25383774,21,8.666666667,3.399346342,78,3.559026084,3,12,19,20,22,116 Kimchi Fried Rice
1103_2018_139_012,71,70,1.414213562,2,4,2,63.43494882,-1,1,1,45,8,7.5,1.5,70,1,3,16,18,20,21,117 Pad Thai and Chicken
1106_2018_134_002,66,63.1,2.547547841,0.714285714,6,7,40.60129465,-4,8,2,75.96375653,6,8.5,1.5,64,2,0,0,7,7,9,118 Galbi
1109_2018_121_016,65,63.55555556,1.257078722,2,2,1,63.43494882,-0.571428571,4,6,33.69006753,2,5.5,4.5,64,1,5,5,6,7,13,119 Kimchi Jjigae
1113_2018_150_000,77,72.25,3.269174208,2.4,10,4,68.19859051,-3,6,2,71.56505118,10,4,0,77,0,20,20,24,25,27,120 Panda
1114_2018_138_006,68,62.25,3.051638904,0.523076923,12,13,42.70938996,-2,2,1,63.43494882,12,13,0,68,0,0,0,13,14,15,121 Suyook
1115_2018_143_004,70,65.72727273,3.386897456,2.7,11,4,70.01689348,-1.357142857,8,6,53.13010235,11,6.5,2.5,65.5,2.958039892,0,0,4,4,10,122 Poke (salmon and tuna)
1126_2018_089_032,62,60.76923077,1.760849714,1.8,6,3,63.43494882,-2,4,2,63.43494882,6,3,0,62,0,4,4,7,14,16,123 fried rice
1127_2018_148_000,65.0,61.10526315789474,2.7124418372052896,0.5363636363636364,10.0,10,45.0,-1.4285714285714284,9.0,6,56.309932474020215,10.0,15.0,5.0,63.5,1.5,3,3,13,15,21,124 Poke (salmon and tuna)
1129_2018_093_024,62.0,60.91304347826087,2.185188151848533,4.0,8.0,2,75.96375653207353,-1.4,4.0,3,53.13010235415598,8.0,2.0,0.0,62.0,0.0,0,0,2,19,22,125 Teriyaki Chicken
1006_2018_258_000,69,63.58333333,3.067527053,1.178571429,10,6,59.03624347,-2.2,9,4,66.03751103,10,6,0,69,0,7,7,13,14,18,126 Chicken Juk
1005_2018_232_003,68,66.125,1.363589014,0.383333333,5,8,32.00538321,-0.8,4,4,45,9,11.33333333,7.40870359,66.66666667,0.942809042,3,19,27,30,34,127 Costco Roasted Chicken
1004_2018_213_015,82,73.57575758,4.892977671,0.880882353,22,15,55.71312302,-0.950980392,15,16,43.15238973,22,7.5,5.5,78,4,4,4,19,20,36,128 Doenjang jjigae and buchu jeon and chicken wing 1 pcs
1003_2018_230_008,73,70.60869565,2.390909058,0.854545455,11,9,50.71059314,-1.8,6,3,63.43494882,11,14,5,73.5,0.5,3,3,12,22,25,129 Chichken wings
1002_2018_220_014,91,86.44444444,4.258615088,1.916666667,15,7,64.98310652,-0.903030303,9,9,45,26,11.66666667,1.247219129,82.33333333,6.12825877,0,28,35,36,45,130 Beer and nacho and guacamole
1002_2018_220_010,74,71.14285714,2.899683304,2,10,4,68.19859051,-0.678571429,6,7,40.60129465,15,8.25,3.418698583,69.75,3.031088913,3,14,18,20,27,131 galbi and buchoo and myulchi bokkeum and jinmi chae
1001_2018_238_000,70,68.05882353,2.387974486,1.742857143,9,5,60.9453959,-0.511904762,5,7,35.53767779,9,9.5,4.5,70.5,0.5,3,3,8,12,19,132 Spring mix and mulchi bbokgum and jinmi chae and fried salmon with onion and mayo mustard sauce
0930_2018_219_016,73,68.73076923,3.346153846,0.459398496,12,19,32.27564431,-2.457142857,12,5,67.38013505,12,19,0,73,0,0,0,19,20,25,133 Galbi and buchu
0929_2018_260_008,66,62.16666667,2.266911751,2.6,8,3,69.44395478,-0.714285714,6,7,40.60129465,8,3,0,66,0,2,2,5,6,13,134 Egg Drop Soup
0928_2018_207_014,78,69.48,4.281308211,0.771929825,19,17,48.17983012,-2,13,6,65.22485943,19,17,0,78,0,0,0,17,18,24,135 Dumpling soup
0925_2018_215_005,80,76.09090909,4.032922366,5.5,11,2,79.69515353,-5.5,11,2,79.69515353,19,8.5,2.5,78,2,2,17,19,25,27,136 Soybean stew and spicy pork and myulchi bokkeum
0924_2018_227_000,107,88.8,12.98563309,2.114285714,42,20,64.53665494,-1,11,8,53.97262661,51,16,7,87,20,4,16,36,37,45,137 beer (Blue moon) and mod pizza
0922_2018_215_003,64,62.8,1.2489996,0.9,4,4,45,-1,2,2,45,4,4,0,64,0,4,4,8,11,13,138 Bibimbap and kimchi jjim
0921_2018_207_011,77,75,1.58113883,1.5,5,3,59.03624347,-0.43030303,5,9,29.0546041,6,10,0,77,0,2,9,12,15,24,139 Kimchi Jjim
0918_2018_233_005,85,81.85714286,2.948538206,1.6,8,5,57.99461679,0,0,0,0,22,11,4.966554809,80.66666667,3.091206165,3,31,36,37,37,140 Pasta (thin pork belly olive oil garlic) and beer
0917_2018_221_004,72,69.5,2.163000561,1.5,7,4,60.2551187,-0.716666667,7,8,41.18592517,11,4.333333333,2.494438258,69.33333333,2.054804668,0,9,13,14,22,141 Spicy Pork
0915_2018_217_003,84,80.375,3.515590278,2.285714286,11,5,65.55604522,-2.3,9,4,66.03751103,11,5,0,84,0,2,2,7,13,17,142 Fried Tofu and Mulchi bbokgum and soy sauce
0914_2018_216_006,75,70.40909091,4.097217358,0.725,12,14,40.60129465,-2.542857143,12,5,67.38013505,12,14,0,75,0,0,0,14,16,21,143 Fried Rice (oyster sauce and onion and 2 eggs and sesame oil)
0913_2018_223_009,83,77.8,4.578209257,2.392857143,14,6,66.80140949,-4,8,2,75.96375653,14,3,8,79,4,14,14,20,21,23,144 Pork Ribs
0912_2018_131_032,71,68.28571429,2.46195542,1.464285714,9,6,56.30993247,-0.464285714,3,6,26.56505118,9,6,0,71,0,0,0,6,7,13,145 Tangsu Mandu
0911_2018_228_002,69,65.72222222,2.375933864,0.6,8,10,38.65980825,-1.171428571,7,5,54.46232221,8,10,0,69,0,15,15,25,27,32,146 Kimchi dumpling and tteokbokki
0910_2018_221_009,75,71.90909091,2.429161676,1.119047619,9,7,52.12501635,-1,3,3,45,12,6.333333333,4.496912521,70,3.741657387,0,12,19,19,22,147 Spicy Pork
0906_2018_235_003,78,73.4,3.292415527,2.7,11,4,70.01689348,-1.6,7,4,60.2551187,15,6,2.943920289,73,4.082482905,0,7,11,12,16,148 Spicy pork
0905_2018_222_013,73,68.8,3.340658618,0.983333333,9,8,48.36646066,-1.266666667,12,8,56.30993247,9,11.5,3.5,68,5,0,0,8,11,19,149 Myulchi Bbokgum and dubu jorim
0904_2018_224_004,71,66.36363636,3.748277841,1.642857143,12,6,63.43494882,-1.5,5,3,59.03624347,12,7.5,1.5,69.5,1.5,0,0,6,7,10,150 Pork don
0903_2018_221_006,87,82.1,3.389690251,0.916666667,13,8,58.39249775,0,0,0,0,18,9,2.160246899,79.66666667,5.185449729,3,22,30,31,31,151 Blue Moon and Pork Belly
0831_2018_233_001,83,80.625,2.287875652,2.2,7,3,66.80140949,-1.5,3,2,56.30993247,21,7,2.943920289,77.66666667,5.557777334,10,28,31,33,35,152 Bonchon Chicken and Beer
0829_2018_219_002,71,67,2.976095237,2,8,4,63.43494882,-4,4,1,75.96375653,8,4,0,71,0,7,7,11,12,13,153 Sukiyaki
0828_2018_224_003,72,68.25,3.230711996,1.316666667,11,8,53.97262661,-0.821428571,5,6,39.80557109,11,8,0,72,0,0,0,8,9,15,154 Jin Ramen
0827_2018_221_009,77,71.3,3.606937759,1.75,12,6,63.43494882,-4,8,2,75.96375653,12,6.5,0.5,75.5,1.5,0,0,6,7,9,155 Beef Pad Kra Pao
0825_2018_217_007,80,75.6,2.727636339,4,8,2,75.96375653,-0.928571429,9,6,56.30993247,9,9.5,3.5,79,1,0,4,6,7,13,156 Daktoritang (not chickend but sujebi and udong) and steamed egg and chicken wings 2pcs
0824_2018_204_015,76,74.09090909,2.502890891,3,6,2,71.56505118,-3.5,7,2,74.0546041,6,7,5,75.5,0.5,10,10,12,18,20,157 Daktoritang
0815_2018_225_005,74,65.05555556,5.451526007,1.071428571,17,14,50.52754015,-14,14,1,85.91438322,17,14,0,74,0,3,3,17,19,20,158 Jin Ramen
0813_2018_224_015,73,70.41666667,1.656217243,0.654761905,6,7,40.60129465,-1,3,3,45,6,7,0,73,0,9,9,16,17,20,159 Dwejigogi suyook
0810_2018_205_001,72,68.3,3.551056181,1.714285714,12,6,63.43494882,-3.5,7,2,74.0546041,12,6,0,72,0,3,3,9,10,12,160 Spicy Ramen
0809_2018_239_000,76,73.83333333,2.034425936,1.5,3,2,56.30993247,-3,6,2,71.56505118,3,2,0,76,0,7,7,9,10,12,161 Roasted Chicken (Whole Foods) cheese sausage pizza
0807_2018_230_001,90,84.125,4.399928977,2.085714286,12,5,67.38013505,-2,2,1,63.43494882,25,11,2,85,5,7,24,29,30,31,162 Garlic Chicken Pizza (CPK) and Beer (Heineken)
0802_2018_218_005,70,68,2.081665999,1.8,6,3,63.43494882,-1.028571429,5,5,45,6,7,4,69.5,0.5,0,0,3,6,11,163 Spicy Ramen
0731_2018_216_003,71,69.6,1.356465997,1.5,3,2,56.30993247,-3,3,1,71.56505118,3,4.5,2.5,70.5,0.5,8,8,10,11,12,164 Beef Dumpling and Bibim Guksu
0725_2018_220_011,76,73.18181818,2.724240739,2.7,8,3,69.44395478,-1.314285714,7,5,54.46232221,8,6,3,74,2,0,0,3,5,10,165 Bulgogi
0716_2018_214_008,81,75.25,3.665719575,2.371428571,12,5,67.38013505,-0.709090909,10,9,48.0127875,12,8.5,3.5,78,3,0,0,5,6,15,166 Bulgogi jeongol
0705_2018_152_026,78,75.55555556,2.79329002,1.2,5,4,51.34019175,-4.5,9,2,77.47119229,8,6.5,3.5,76.5,1.5,3,12,16,18,20,167 Dumpling and fried udon
0702_2018_190_020,75,73.22222222,1.872477727,2.5,5,2,68.19859051,-1.4,4,3,53.13010235,6,5,0,75,0,0,3,5,8,11,168 Pork Belly
0629_2018_212_009,80,75,4,2.771428571,14,5,70.34617594,-0.761904762,6,7,40.60129465,14,5,0,80,0,4,4,9,11,18,169 Dumpling Soup
0622_2018_231_002,85,73.81818182,6.057575,2.142857143,19,7,69.77514057,-9,18,2,83.65980825,19,7.5,0.5,81,4,0,0,7,8,10,170 Spaghetti
0621_2018_222_004,76,73.16666667,2.339278141,2.1,6,3,63.43494882,-4,4,1,75.96375653,9,4.5,2.5,74.5,1.5,17,23,26,27,28,171 Steak
0615_2018_218_017,83,79.42857143,2.920721186,4,8,2,75.96375653,-1.9,6,3,63.43494882,8,2,0,83,0,2,2,4,5,8,172 chicken soup
0528_2018_204_001,76,74.30769231,2.052563702,3,6,2,71.56505118,-0.885714286,5,5,45,6,2,0,76,0,2,2,4,9,14,173 Pizza
0527_2018_239_002,72,69.57142857,1.761261144,3,3,1,71.56505118,-1.2,5,4,51.34019175,4,2.5,1.5,71.5,0.5,2,6,7,8,12,174 chicken soup
0524_2018_229_002,73,71.66666667,1.105541597,1,2,2,45,-1.5,3,2,56.30993247,2,2,0,73,0,5,5,7,8,10,175 Chiken
0517_2018_230_001,70,68.75,1.71391365,4,4,1,75.96375653,-2,4,2,63.43494882,4,6.75,3.960744879,69,0.707106781,2,2,3,7,9,176 Gimbap
0515_2018_223_014,75,72.66666667,1.795054936,4,4,1,75.96375653,-1.2,5,4,51.34019175,4,8,5.099019514,75,1.632993162,0,0,1,1,5,177 Pork BBQ
0514_2018_216_006,71,69.52631579,0.9385555,0.333333333,4,7,29.7448813,-0.236363636,3,9,18.43494882,4,12.5,5.5,73,2,0,0,7,9,18,178 Spicy Ramen
0510_2018_214_011,69,63.90909091,4.032922366,1.321212121,12,9,53.13010235,0,0,1,0,12,9,0,69,0,5,5,14,14,15,179 Duck BBQ
0507_2018_218_008,74,70.83333333,1.67497927,5,5,1,78.69006753,-1,5,4,51.34019175,5,6,3.559026084,73.66666667,1.247219129,0,0,1,1,5,180 Odeng_Fried Rice
0506_2018_225_013,81,79.125,1.690968657,2.5,5,2,68.19859051,-0.9,3,3,45,9,8.5,1.5,83.5,2.5,0,5,7,9,12,181 Pork Belly and beer
0501_2018_224_007,67,65.25,2.487468593,3,6,2,71.56505118,0,0,1,0,6,2,0,67,0,3,3,5,5,6,182 Spicy Chicken Fried Rice
0425_2018_224_007,78,73.18181818,3.809513971,0.845238095,11,7,57.52880771,-6.5,13,2,81.25383774,11,6,1,77.5,0.5,10,10,17,18,20,183 Pork Belly
0420_2018_213_014,77,74,2.34520788,4.5,9,2,77.47119229,-0.533333333,5,8,32.00538321,9,10,8,77,0,2,2,4,5,13,184 Budae Jjigae
0419_2018_232_001,75,72.75,2.086664004,0.714285714,6,7,40.60129465,-2.1,6,3,63.43494882,6,7,0,73,2,1,1,8,9,12,185 Tteokbokki
1114_2018_218_010,68,66.4,1.907878403,4,4,1,75.96375653,-1.3,5,4,51.34019175,4,6.5,3.5,66,2,0,2,3,7,11,186 Vongole Pasta
1114_2018_218_012,65,62.42857143,2.583305903,4,8,2,75.96375653,-0.483333333,6,8,36.86989765,8,7.5,5.5,62.5,2.5,0,0,2,5,13,187 Macaroon 5pcs
1118_2018_241_000,82,76.94736842,3.486420034,0.85,7,8,41.18592517,-1.15,11,8,53.97262661,17,6.8,2.315167381,76.6,3.322649545,0,26,34,36,44,188 spicy pork and tteokbokki and udon
1126_2018_219_001,75,71.23333333,2.124199196,0.296956522,9,23,21.37062227,-0.821428571,5,6,39.80557109,12,13.5,12.5,72,3,3,7,30,30,36,189 pizza (Papa johns)
1127_2018_225_000,69.0,64.91666666666667,4.231987975198207,12.0,12.0,1,85.23635830927383,-0.7475490196078431,14.0,16,41.18592516570965,12.0,13.0,12.0,69.0,0.0,3,3,4,10,26,190 pasta (plain)
1128_2018_216_019,67.0,63.69230769230769,1.8557443202792026,1.0,6.0,6,45.0,-0.7999999999999999,5.0,5,45.0,5.0,17.0,0.0,67.0,0.0,3,14,20,21,26,191 Teriyaki Chicken and arugula
0327_2018_100_000,67,63,2.296241989,0.666666667,7,8,41.18592517,-2,2,1,63.43494882,7,8,0,67,0,5,5,13,14,15,192 OatMeal
0328_2018_085_006,75,70,2.732520204,0.549450549,11,12,42.51044708,-2,2,1,63.43494882,14,10,7,71,4,3,11,23,24,25,193 Bagel_Banana_Cereal_Milk
0329_2018_084_008,68,67.31818182,2.140228612,2.1,6,3,63.43494882,-1.085714286,6,5,50.19442891,6,3,0,68,0,2,2,5,18,23,194 Coffee_Bagel
0330_2018_075_020,68,66,1.5,1.2,4,3,53.13010235,-1.4,4,3,53.13010235,4,3,0,68,0,0,0,3,4,7,195 Banana_Bagel_ScrambeledEgg
0401_2018_097_008,63,61,1.414213562,1.5,5,3,59.03624347,-0.7,3,4,36.86989765,5,3,0,63,0,6,6,9,9,13,196 Bagel
0402_2018_103_000,68,64.83333333,2.339278141,3,6,2,71.56505118,-2.5,5,2,68.19859051,6,9,7,66,2,4,4,6,7,9,197 Cereal
0403_2018_082_006,65,62.05882353,2.09959627,0.583916084,8,11,36.02737339,-0.9,4,4,45,8,11,0,65,0,10,10,21,22,26,198 ChocolateCookie_Cereal
0404_2018_096_000,62,59.5,1.224744871,1.2,4,3,53.13010235,-0.8,4,4,45,4,9.333333333,4.921607687,60.66666667,1.247219129,0,0,3,3,7,199 Cereal_Cookie
0406_2018_101_000,69,62.53846154,3.152907928,1.035714286,8,6,53.13010235,-1.885714286,11,5,65.55604522,8,7,4.320493799,65.33333333,2.624669291,0,15,21,22,27,200 Oragne_Oatmeal
0407_2018_105_009,66,62.5,3.041381265,1,5,4,51.34019175,-1.107142857,8,7,48.81407483,12,8,2.828427125,63.66666667,1.699673171,0,10,14,16,23,201 Bagel_Coffee
0411_2018_099_004,70,68.5,1.607275127,1.5,3,2,56.30993247,-4,4,1,75.96375653,4,4.5,1.5,69,1,0,7,9,11,12,202 Coffee_Bagel
0417_2018_101_000,69,66.125,2.847696437,1.5,7,4,60.2551187,-4,8,2,75.96375653,7,5,1,67.5,1.5,0,0,4,5,7,203 Cereal
0418_2018_087_008,64,62.22222222,1.474055462,0.542857143,3,5,30.96375653,-2.5,5,2,68.19859051,3,5,0,64,0,4,4,9,10,12,204 Cereal
0420_2018_096_002,66,62.21428571,3.255293961,1.316666667,10,8,51.34019175,-0.7,3,4,36.86989765,10,8,0,66,0,0,0,8,9,13,205 Begel_Coffee
0423_2018_086_010,68,64.52380952,2.195646073,0.467857143,8,14,29.7448813,-1.142857143,6,5,50.19442891,8,14,0,68,0,0,0,14,15,20,206 Bagel_Coffee
0506_2018_105_010,62,60.6,1.496662955,2,4,2,63.43494882,-2,2,1,63.43494882,4,3,1,62,0,1,1,3,4,5,207 Bagel
0507_2018_101_000,64,61.15384615,1.915369169,7,7,1,81.86989765,-0.372727273,6,10,30.96375653,7,1,0,64,0,3,3,4,5,15,208 Pie
0508_2018_086_004,65,62,2.828427125,1.3,6,4,56.30993247,-2.9,9,3,71.56505118,6,4,0,65,0,0,0,4,4,7,209 Strawberry Smoothie
0509_2018_101_000,70,65.09090909,3.62953905,1.357142857,12,7,59.74356284,-6,6,1,80.53767779,12,7,0,70,0,0,0,7,9,10,210 French Toast
0511_2018_087_008,68,66.8125,2.156929241,1.3,6,4,56.30993247,-1,1,1,45,6,4,0,68,0,2,2,6,16,17,211 French Toast
0514_2018_087_014,67,65.42857143,1.590789818,1.2,4,3,53.13010235,-1,1,1,45,9,3.5,0.5,66,1,3,7,10,12,13,212 Bagel
0515_2018_099_005,68,65.2,2.039607805,3,6,2,71.56505118,-2,4,2,63.43494882,6,5.333333333,2.867441756,66,2.160246899,0,0,2,2,4,213 Bagel
0516_2018_091_009,62,60.5,1.224744871,0.428571429,3,5,30.96375653,-2,4,2,63.43494882,3,5,0,62,0,2,2,7,7,9,214 Bagel
0529_2018_097_006,65,60.6,3.720215048,9,9,1,83.65980825,-3.5,7,2,74.0546041,9,1,0,65,0,1,1,2,3,5,215 Green Juice
0701_2018_089_010,60,57.75,2.086664004,0.7,7,8,41.18592517,-1,1,1,45,7,8,0,60,0,3,3,11,13,14,216 Bread and Egg
0722_2018_097_008,66,64.625,1.316956719,3,3,1,71.56505118,-0.571428571,4,5,38.65980825,3,14.5,13.5,64,2,4,4,5,6,11,217 Omlette and mushroom
0726_2018_080_014,59,57,1.690308509,1.1,5,4,51.34019175,-1,1,1,45,5,4,0,59,0,0,0,4,5,6,218 Oatmeal
0806_2018_084_012,69,67.44444444,1.422916497,1.3,4,3,53.13010235,-0.9,3,3,45,4,3,0,69,0,7,7,10,12,15,219 French Toast and Coffee
0830_2018_094_006,66,63.83333333,2.19215774,2.5,5,2,68.19859051,-4,4,1,75.96375653,5,5,2.160246899,66,0,2,2,4,6,7,220 Oatmeal Raisin Cookies (Tates) 4 pieces and hot coffee
0915_2018_066_006,65,62.14285714,1.958758457,2.5,5,2,68.19859051,-1.6,5,3,59.03624347,5,4.5,2.5,66,1,6,6,8,9,12,221 Blueberry smoothie and sliced apple
0916_2018_116_002,69,67.15384615,1.874778093,1.1,5,4,51.34019175,-1.057142857,5,5,45,11,8,3.082207001,67.5,1.118033989,0,16,20,23,28,222 Breakfast Burrito and coffee
0922_2018_105_001,62,61,0.816496581,2,2,1,63.43494882,-0.6,2,3,33.69006753,2,6.333333333,3.858612301,61.66666667,0.471404521,0,0,1,2,5,223 Breakfast Burrito (Rooster Cafe)
0923_2018_108_002,77,68.7,6.277738446,6,12,2,80.53767779,-3.257142857,17,5,73.61045967,13,10.33333333,4.18993503,69,5.715476066,0,7,9,11,16,224 Cinamon Rasin Bagel with Blueberry Cream and coffee (Eistein)
0925_2018_078_012,66,64.18181818,1.402477147,0.5,4,6,33.69006753,-2,4,2,63.43494882,4,6.5,0.5,65.5,0.5,0,0,6,8,10,225 tea and 2 waffle coockies
0927_2018_106_002,68,66.28571429,3.17194333,5,10,2,78.69006753,-3,9,3,71.56505118,9,3,2,65,3,0,4,6,14,17,226 americano and cinnamon rasin bagel with bluberry cream cheese
1001_2018_084_006,62,59.15789474,2.56008137,0.952380952,7,7,45,-0.988095238,7,7,45,7,12,5,63,1,1,1,8,12,19,227 Tea and Mocha bread
1002_2018_101_003,60,57.46153846,1.393136175,0.490909091,5,9,29.0546041,-1,3,3,45,5,9,0,60,0,2,2,11,11,14,228 Coffee and Rice cake and banana
1004_2018_093_002,65,63.77777778,3.4084137,3.6,10,3,73.30075577,-2.2,9,4,66.03751103,10,3,0,65,0,5,5,8,18,22,229 bread with blue berry cream cheese and banana and tea
1009_2018_087_004,68,64.06666667,2.792052212,0.8,9,8,48.36646066,-2.1,8,4,63.43494882,9,8,0,68,0,5,5,13,15,19,230 Chicken Juk
1008_2018_085_002,69,63.82352941,2.431056273,0.494505495,10,12,39.80557109,-1.6,5,3,59.03624347,10,12,0,69,0,0,0,12,13,16,231 Chicken Juk
1013_2018_089_020,60,58.77777778,1.98761598,3,6,2,71.56505118,-2,2,1,63.43494882,6,5.333333333,2.494438258,61,0.816496581,3,3,5,10,11,232 Pancake and apple and orange juice
1015_2018_092_004,62,59.75,2.586020108,1.8,8,4,63.43494882,-2,2,1,63.43494882,8,8.5,4.5,62,0,3,3,7,9,10,233 Sweet Potato
1016_2018_084_004,61,59.5,1.565247584,1.5,3,2,56.30993247,-1,5,4,51.34019175,4,5,0,61,0,2,5,7,10,14,234 Orange Juice and Sweet Potato and banana
1019_2018_090_008,67,65.18181818,3.809513971,12,12,1,85.23635831,-2.4,7,3,66.80140949,14,3,0,67,0,0,2,3,9,12,235 white bread with strawberry jam
1020_2018_090_010,62,59.55555556,1.706921277,1.8,5,3,59.03624347,-0.8,5,5,45,5,3,0,62,0,6,6,9,9,14,236 apple and sweet potato
1023_2018_084_010,66,62.54545455,2.349608724,0.845454545,10,10,45,-0.472727273,6,10,30.96375653,10,10,0,66,0,0,0,10,11,21,237 Mixed Nuts and brewed coffee
1028_2018_117_008,66,63.66666667,1.885618083,1.3,4,3,53.13010235,-5,5,1,78.69006753,6,14,0,66,0,0,11,14,15,16,238 Coffee and pancake
1030_2018_094_002,62,58.41176471,2.059663694,0.933333333,7,8,41.18592517,-0.65,6,8,36.86989765,7,8,0,62,0,2,2,10,10,18,239 Tea and shu
1103_2018_132_001,63,61.6,1.113552873,1,3,3,45,-0.7,3,4,36.86989765,5,4.5,3.5,62.5,0.5,0,6,9,11,15,240 Bread and coffee and apple
1106_2018_095_003,60,54.6,3.929376541,1.476190476,11,7,57.52880771,-2.2,11,5,65.55604522,11,4.5,3.5,56.5,3.5,4,6,13,15,20,241 Coffee and Toast
1107_2018_104_000,60,57.55555556,1.640535896,2.5,5,2,68.19859051,-0.742857143,4,5,38.65980825,5,9,7,59,1,2,2,4,5,10,242 Uong cha and sweet potato
1108_2018_083_012,66,60.03225806,3.763010728,1.052447552,13,11,49.76364169,-0.668131868,13,13,45,13,11,0,66,0,0,0,11,17,30,243 Coffee and Toast
1115_2018_093_005,63,60.6,2.457641145,4,8,2,75.96375653,-0.535714286,6,6,45,8,7.5,5.5,64,1,9,9,11,12,18,244 Daechoo tea and banana
1127_2018_105_000,65.0,62.1578947368421,3.375814254910437,1.6666666666666667,10.0,7,55.00797980144134,-3.0,6.0,2,71.56505117707799,11.0,9.0,0.0,65.0,0.0,0,2,9,18,20,245 Coffee and pizza
1128_2018_085_006,64.0,59.608695652173914,3.909176833563308,10.0,10.0,1,84.28940686250036,-1.172727272727273,11.0,10,47.72631099390627,10.0,3.0,2.0,63.5,0.5,0,0,1,12,22,246 coffee and banana and bread and jam
1129_2018_093_006,62.0,60.57142857142857,1.3997084244475304,0.6000000000000001,3.0,4,36.86989764584402,-4.0,4.0,1,75.96375653207353,3.0,4.0,0.0,62.0,0.0,4,4,8,9,10,247 Banana and bread and coffee
